category,modifiedProteins,modifiedProtein%,meanModSites,medianModSites,totalModSites,"meanModPerEffBase, mean mods / seq length","medianModPerEffBase, mean mods / seq length",twoSidedKruskal_vs_allProtsModPerEffBase,modifiedOccProteins,modifiedOccProtein%,meanOccModSites,medianOccModSites,totalOccModSites,twoSidedKruskal_vs_allProtsOccupancy,medianCoverage,medianCoverageOfModProteins
all genes detected,5685,81.04062722736992,13.881970096745823,10.0,78919.0,0.03705170483356166,0.028438886647841874,1.0,4194,59.78617248752672,10.790653314258465,5.0,45256,1.0,0.29566744730679156,0.30779857397504456
all transcript CCD genes,263,92.28070175438596,18.169201520912548,11.0,4778.5,0.0460462581363073,0.038254710794386394,6.146016640106377e-09,223,78.24561403508771,11.914798206278027,6.0,2657,0.3108640963455947,0.34182985120653764,0.3488372093023256
all transcript non-CCD genes,5422,80.56463595839524,13.674013279232755,10.0,74140.5,0.03661541425469369,0.02798601398601399,0.3488216645288996,3971,59.004457652303124,10.727524553009317,5.0,42599,0.8517325373490695,0.2934861978538186,0.30643060018080587
transcript regulated CCD proteins,64,96.96969696969697,24.625,14.0,1576.0,0.046154176451439405,0.042987412272229734,2.5433712260602374e-05,58,87.87878787878788,13.551724137931034,5.5,786,3.978160965191282e-08,0.36129298002597654,0.36129298002597654
non-transcript regulated CCD proteins,206,85.12396694214877,14.609223300970873,11.5,3009.5,0.03807813935800704,0.02899866378265567,0.5181504393366231,162,66.94214876033058,10.253086419753087,5.0,1661,0.023567636642907532,0.3010179418836241,0.3137878280716094
non-CCD proteins,406,83.3675564681725,15.216748768472906,10.0,6178.0,0.036776968751633055,0.029877617552696037,0.7557847087908944,304,62.422997946611915,10.953947368421053,6.0,3330,0.3992186056894673,0.29836956521739133,0.31082325701877533
CCD proteins,160,87.91208791208791,16.871875,12.0,2699.5,0.03690539608169271,0.03164573907371725,0.32809662287094465,124,68.13186813186813,10.28225806451613,5.0,1275,5.6810720457274785e-09,0.30865111825512026,0.32179032268853236
