category,modifiedProteins,modifiedProtein%,meanModSites,medianModSites,totalModSites,"meanModPerEffBase, mean mods / seq length","medianModPerEffBase, mean mods / seq length",twoSidedKruskal_vs_allProtsModPerEffBase,modifiedOccProteins,modifiedOccProtein%,meanOccModSites,medianOccModSites,totalOccModSites,twoSidedKruskal_vs_allProtsOccupancy,medianCoverage,medianCoverageOfModProteins
all genes detected,1201,16.39814309120699,2.924646128226478,1.0,3512.5,0.016829785819283283,0.009009009009009009,1.0,868,11.851447296559257,2.8317972350230414,1.0,2458,1.0,0.175841159372154,0.34232365145228216
all transcript CCD genes,79,27.054794520547947,5.968354430379747,2.0,471.5,0.024248673377856012,0.010638297872340425,0.3814334248642772,60,20.54794520547945,5.416666666666667,2.0,325,8.149852536992909e-12,0.22453162181014447,0.4014466546112116
all transcript non-CCD genes,1122,15.955631399317404,2.7103386809269163,1.0,3041.0,0.01630742207852816,0.008928571428571428,0.8631004107588087,808,11.490329920364049,2.639851485148515,1.0,2133,0.03764972578432101,0.17451754082836507,0.3396037056098816
transcript regulated CCD proteins,8,18.6046511627907,3.0625,1.5,24.5,0.003834234181036687,0.003482300398318741,0.002070488585251848,4,9.30232558139535,1.25,1.0,5,0.3906538749142966,0.2152288338820469,0.306043676756962
non-transcript regulated CCD proteins,27,19.014084507042252,2.0185185185185186,1.0,54.5,0.014654482934088574,0.006756756756756757,0.6098242995426717,19,13.380281690140844,1.7894736842105263,1.0,34,0.013584210844785586,0.161976911976912,0.2727272727272727
non-CCD proteins,97,18.9453125,3.6907216494845363,1.0,358.0,0.01366689018681252,0.007194244604316547,0.11445044521139332,72,14.0625,3.138888888888889,2.0,226,0.06364856374456425,0.2283707505722776,0.3680851063829787
CCD proteins,35,18.71657754010695,2.257142857142857,1.0,79.0,0.012181283219105285,0.0058823529411764705,0.05702735207026297,23,12.299465240641712,1.6956521739130435,1.0,39,0.009124132554665303,0.18072289156626506,0.2727272727272727
