category,modifiedProteins,modifiedProtein%,meanModSites,medianModSites,totalModSites,"meanModPerEffBase, mean mods / seq length","medianModPerEffBase, mean mods / seq length",twoSidedKruskal_vs_allProtsModPerEffBase,modifiedOccProteins,modifiedOccProtein%,meanOccModSites,medianOccModSites,totalOccModSites,twoSidedKruskal_vs_allProtsOccupancy,medianCoverage,medianCoverageOfModProteins
all genes detected,1201,16.39814309120699,2.924646128226478,1.0,3512.5,0.016829785819283283,0.009009009009009009,1.0,868,11.851447296559257,2.8317972350230414,1.0,2458,1.0,0.175841159372154,0.34232365145228216
all transcript CCD genes,79,26.96245733788396,5.968354430379747,2.0,471.5,0.024248673377856012,0.010638297872340425,0.3814334248642772,60,20.477815699658702,5.416666666666667,2.0,325,8.149852536992909e-12,0.22418887176099245,0.4014466546112116
all transcript non-CCD genes,1122,15.957900725359123,2.7103386809269163,1.0,3041.0,0.01630742207852816,0.008928571428571428,0.8631004107588087,808,11.491964158725644,2.639851485148515,1.0,2133,0.03764972578432101,0.17452830188679244,0.3396037056098816
transcript regulated CCD proteins,12,18.461538461538463,3.125,1.0,37.5,0.005091400174813897,0.0043757425330498145,0.0031569974253467447,5,7.6923076923076925,1.6,1.0,8,0.5977989448780167,0.20634920634920634,0.31332009515540277
non-transcript regulated CCD proteins,40,16.59751037344398,2.775,2.0,111.0,0.013973318559558393,0.006779738922596066,0.36226360560731163,31,12.863070539419086,2.096774193548387,1.0,65,0.09155602097463984,0.18109989914624874,0.29382269362939467
non-CCD proteins,97,18.9453125,3.6907216494845363,1.0,358.0,0.01366689018681252,0.007194244604316547,0.11445044521139332,72,14.0625,3.138888888888889,2.0,226,0.06364856374456425,0.2283707505722776,0.3680851063829787
CCD proteins,35,18.71657754010695,2.257142857142857,1.0,79.0,0.012181283219105285,0.0058823529411764705,0.05702735207026297,23,12.299465240641712,1.6956521739130435,1.0,39,0.009124132554665303,0.18072289156626506,0.2727272727272727
